ID_new,ID,Year,Cohort,TL,Est.Age,BC.Age,BC.Len,Growth.Year,Growth
20161,1,2016,2012,619,four,1,178.51,2012,178.51
20161,1,2016,2012,619,four,2,404.08,2013,225.57
20161,1,2016,2012,619,four,3,505.5,2014,101.42
20161,1,2016,2012,619,four,4,564.63,2015,59.13
20171,1,2017,2015,534,two,1,198.79,2015,198.79
20171,1,2017,2015,534,two,2,396.94,2016,198.15
20181,1,2018,2016,546,two,1,286.28,2016,286.28
20181,1,2018,2016,546,two,2,406.88,2017,120.6
20162,2,2016,2014,502,two,1,259.69,2014,259.69
20162,2,2016,2014,502,two,2,411.19,2015,151.5
20172,2,2017,2014,437,three,1,120.91,2014,120.91
20172,2,2017,2014,437,three,2,343.89,2015,222.98
20172,2,2017,2014,437,three,3,410.11,2016,66.22
20182,2,2018,2015,500,three,1,102.68,2015,102.68
20182,2,2018,2015,500,three,2,326.82,2016,224.14
20182,2,2018,2015,500,three,3,419.03,2017,92.21
20163,3,2016,2011,445,five,1,109.15,2011,109.15
20163,3,2016,2011,445,five,2,230.99,2012,121.84
20163,3,2016,2011,445,five,3,282.56,2013,51.57
20163,3,2016,2011,445,five,4,339.93,2014,57.37
20163,3,2016,2011,445,five,5,387.63,2015,47.7
20173,3,2017,2013,460,four,1,126.24,2013,126.24
20173,3,2017,2013,460,four,2,285.5,2014,159.26
20173,3,2017,2013,460,four,3,376.75,2015,91.25
20173,3,2017,2013,460,four,4,422.29,2016,45.54
20183,3,2018,2016,515,two,1,299.45,2016,299.45
20183,3,2018,2016,515,two,2,410.47,2017,111.02
20164,4,2016,2012,538,four,1,240.77,2012,240.77
20164,4,2016,2012,538,four,2,373.56,2013,132.79
20164,4,2016,2012,538,four,3,450.94,2014,77.38
20164,4,2016,2012,538,four,4,505.99,2015,55.05
20174,4,2017,2011,695,six,1,162.47,2011,162.47
20174,4,2017,2011,695,six,2,348.01,2012,185.54
20174,4,2017,2011,695,six,3,431.34,2013,83.33
20174,4,2017,2011,695,six,4,509.46,2014,78.12
20174,4,2017,2011,695,six,5,578.16,2015,68.7
20174,4,2017,2011,695,six,6,634.56,2016,56.4
20184,4,2018,2015,624,three,1,136.94,2015,136.94
20184,4,2018,2015,624,three,2,348.61,2016,211.67
20184,4,2018,2015,624,three,3,583.98,2017,235.37
20165,5,2016,2013,614,three,1,238.24,2013,238.24
20165,5,2016,2013,614,three,2,432.73,2014,194.49
20165,5,2016,2013,614,three,3,542.36,2015,109.63
20175,5,2017,2014,444,three,1,130.05,2014,130.05
20175,5,2017,2014,444,three,2,369.29,2015,239.24
20175,5,2017,2014,444,three,3,413.19,2016,43.9
20185,5,2018,2014,544,four,1,119.59,2014,119.59
20185,5,2018,2014,544,four,2,407.27,2015,287.68
20185,5,2018,2014,544,four,3,460.16,2016,52.89
20185,5,2018,2014,544,four,4,502.4,2017,42.24
20166,6,2016,2010,460,six,1,72.99,2010,72.99
20166,6,2016,2010,460,six,2,275.19,2011,202.2
20166,6,2016,2010,460,six,3,343.94,2012,68.75
20166,6,2016,2010,460,six,4,379.93,2013,35.99
20166,6,2016,2010,460,six,5,407.43,2014,27.5
20166,6,2016,2010,460,six,6,436.75,2015,29.32
20176,6,2017,2013,490,four,1,86.47,2013,86.47
20176,6,2017,2013,490,four,2,326.11,2014,239.64
20176,6,2017,2013,490,four,3,427.83,2015,101.72
20176,6,2017,2013,490,four,4,467.21,2016,39.38
20186,6,2018,2014,602,four,1,133.99,2014,133.99
20186,6,2018,2014,602,four,2,367.74,2015,233.75
20186,6,2018,2014,602,four,3,481.43,2016,113.69
20186,6,2018,2014,602,four,4,559.17,2017,77.74
20167,7,2016,2012,582,four,1,340.96,2012,340.96
20167,7,2016,2012,582,four,2,466.58,2013,125.62
20167,7,2016,2012,582,four,3,526.02,2014,59.44
20167,7,2016,2012,582,four,4,554.47,2015,28.45
20177,7,2017,2014,505,three,1,115.72,2014,115.72
20177,7,2017,2014,505,three,2,399.14,2015,283.42
20177,7,2017,2014,505,three,3,441.07,2016,41.93
20187,7,2018,2014,504,four,1,56.02,2014,56.02
20187,7,2018,2014,504,four,2,200.79,2015,144.77
20187,7,2018,2014,504,four,3,347.68,2016,146.89
20187,7,2018,2014,504,four,4,455.68,2017,108
20168,8,2016,2011,539,five,1,134.66,2011,134.66
20168,8,2016,2011,539,five,2,328,2012,193.34
20168,8,2016,2011,539,five,3,382.87,2013,54.87
20168,8,2016,2011,539,five,4,416.8,2014,33.93
20168,8,2016,2011,539,five,5,501.27,2015,84.47
20178,8,2017,2012,440,five,1,92.46,2012,92.46
20178,8,2017,2012,440,five,2,244.05,2013,151.59
20178,8,2017,2012,440,five,3,313.6,2014,69.55
20178,8,2017,2012,440,five,4,358.37,2015,44.77
20178,8,2017,2012,440,five,5,415.22,2016,56.85
20188,8,2018,2016,550,two,1,204.73,2016,204.73
20188,8,2018,2016,550,two,2,417.33,2017,212.6
20169,9,2016,2012,519,four,1,80,2012,80
20169,9,2016,2012,519,four,2,361.32,2013,281.32
20169,9,2016,2012,519,four,3,418.51,2014,57.19
20169,9,2016,2012,519,four,4,479.09,2015,60.58
20179,9,2017,2014,500,three,1,104.1,2014,104.1
20179,9,2017,2014,500,three,2,283.63,2015,179.53
20179,9,2017,2014,500,three,3,451.7,2016,168.07
20189,9,2018,2015,469,three,1,88.74,2015,88.74
20189,9,2018,2015,469,three,2,327.65,2016,238.91
20189,9,2018,2015,469,three,3,415.99,2017,88.34
201610,10,2016,2013,443,three,1,102.19,2013,102.19
201610,10,2016,2013,443,three,2,305.6,2014,203.41
201610,10,2016,2013,443,three,3,398.6,2015,93
201710,10,2017,2014,630,three,1,255.32,2014,255.32
201710,10,2017,2014,630,three,2,386.3,2015,130.98
201710,10,2017,2014,630,three,3,539.08,2016,152.78
201810,10,2018,2014,504,four,1,97.88,2014,97.88
201810,10,2018,2014,504,four,2,257.37,2015,159.49
201810,10,2018,2014,504,four,3,366.62,2016,109.25
201810,10,2018,2014,504,four,4,432.74,2017,66.12
201611,11,2016,2013,512,three,1,100.54,2013,100.54
201611,11,2016,2013,512,three,2,357.54,2014,257
201611,11,2016,2013,512,three,3,451.45,2015,93.91
201811,11,2018,2015,460,three,1,167.15,2015,350.87
201811,11,2018,2015,460,three,2,350.87,2016,183.72
201811,11,2018,2015,460,three,3,420.86,2017,69.99
201612,12,2016,2011,666,five,1,282.47,2011,282.47
201612,12,2016,2011,666,five,2,522.58,2012,240.11
201612,12,2016,2011,666,five,3,555.89,2013,33.31
201612,12,2016,2011,666,five,4,601.65,2014,45.76
201612,12,2016,2011,666,five,5,638.03,2015,36.38
201712,12,2017,2013,630,four,1,269.12,2013,269.12
201712,12,2017,2013,630,four,2,417,2014,147.88
201712,12,2017,2013,630,four,3,471.78,2015,54.78
201712,12,2017,2013,630,four,4,552.04,2016,80.26
201812,12,2018,2015,526,three,1,95.48,2015,95.48
201812,12,2018,2015,526,three,2,300.95,2016,205.47
201812,12,2018,2015,526,three,3,437.53,2017,136.58
201613,13,2016,2010,633,six,1,181.33,2010,181.33
201613,13,2016,2010,633,six,2,403.84,2011,222.51
201613,13,2016,2010,633,six,3,464.35,2012,60.51
201613,13,2016,2010,633,six,4,500.54,2013,36.19
201613,13,2016,2010,633,six,5,544.41,2014,43.87
201613,13,2016,2010,633,six,6,579.14,2015,34.73
201813,13,2018,2015,497,three,1,95.02,2015,95.02
201813,13,2018,2015,497,three,2,333,2016,237.98
201813,13,2018,2015,497,three,3,403.28,2017,70.28
201614,14,2016,2011,590,five,1,206.81,2011,206.81
201614,14,2016,2011,590,five,2,318.85,2012,112.04
201614,14,2016,2011,590,five,3,359.03,2013,40.18
201614,14,2016,2011,590,five,4,440.83,2014,81.8
201614,14,2016,2011,590,five,5,506.79,2015,65.96
201714,14,2017,2014,480,three,1,48.37,2014,48.37
201714,14,2017,2014,480,three,2,282.32,2015,233.95
201714,14,2017,2014,480,three,3,416.74,2016,134.42
201814,14,2018,2016,504,two,1,180.56,2016,180.56
201814,14,2018,2016,504,two,2,384.94,2017,204.38
201615,15,2016,2012,609,four,1,101,2012,101
201615,15,2016,2012,609,four,2,280.47,2013,179.47
201615,15,2016,2012,609,four,3,389.03,2014,108.56
201615,15,2016,2012,609,four,4,563.29,2015,174.26
201715,15,2017,2013,581,four,1,190.87,2013,190.87
201715,15,2017,2013,581,four,2,376.86,2014,185.99
201715,15,2017,2013,581,four,3,429.47,2015,52.61
201715,15,2017,2013,581,four,4,496.04,2016,66.57
201815,15,2018,2015,492,three,1,83.37,2015,83.37
201815,15,2018,2015,492,three,2,246.78,2016,163.41
201815,15,2018,2015,492,three,3,368.39,2017,121.61
201616,16,2016,2013,484,three,1,61.39,2013,61.39
201616,16,2016,2013,484,three,2,255.42,2014,194.03
201616,16,2016,2013,484,three,3,394.58,2015,139.16
201716,16,2017,2015,500,two,1,236.18,2015,236.18
201716,16,2017,2015,500,two,2,461.52,2016,225.34
201816,16,2018,2016,509,two,1,231.83,2016,231.83
201816,16,2018,2016,509,two,2,388.67,2017,156.84
201617,17,2016,2013,495,three,1,129.2,2013,129.2
201617,17,2016,2013,495,three,2,348.18,2014,218.98
201617,17,2016,2013,495,three,3,428.09,2015,79.91
201717,17,2017,2013,495,four,1,43.84,2013,43.84
201717,17,2017,2013,495,four,2,298.61,2014,254.77
201717,17,2017,2013,495,four,3,393.01,2015,94.4
201717,17,2017,2013,495,four,4,444.65,2016,51.64
201817,17,2018,2016,523,two,1,278.38,2016,278.38
201817,17,2018,2016,523,two,2,435.88,2017,157.5
201618,18,2016,2012,605,four,1,164.78,2012,164.78
201618,18,2016,2012,605,four,2,420.5,2013,255.72
201618,18,2016,2012,605,four,3,515.67,2014,95.17
201618,18,2016,2012,605,four,4,584.28,2015,68.61
201718,18,2017,2013,523,four,1,143.1,2013,143.1
201718,18,2017,2013,523,four,2,319.27,2014,176.17
201718,18,2017,2013,523,four,3,457.92,2015,138.65
201718,18,2017,2013,523,four,4,495.44,2016,37.52
201818,18,2018,2015,600,three,1,207.68,2015,207.68
201818,18,2018,2015,600,three,2,441.03,2016,233.35
201818,18,2018,2015,600,three,3,571.72,2017,130.69
201619,19,2016,2013,479,three,1,99.98,2013,99.98
201619,19,2016,2013,479,three,2,362.46,2014,262.48
201619,19,2016,2013,479,three,3,432.42,2015,69.96
201719,19,2017,2013,574,four,1,263.55,2013,263.55
201719,19,2017,2013,574,four,2,427.93,2014,164.38
201719,19,2017,2013,574,four,3,479.77,2015,51.84
201719,19,2017,2013,574,four,4,544.37,2016,64.6
201819,19,2018,2013,600,five,1,185.6,2013,185.6
201819,19,2018,2013,600,five,2,340.23,2014,154.63
201819,19,2018,2013,600,five,3,416.23,2015,76
201819,19,2018,2013,600,five,4,483.94,2016,67.71
201819,19,2018,2013,600,five,5,531.95,2017,48.01
201620,20,2016,2013,510,three,1,59.12,2013,59.12
201620,20,2016,2013,510,three,2,361.3,2014,302.18
201620,20,2016,2013,510,three,3,440.65,2015,79.35
201720,20,2017,2014,591,three,1,100.59,2014,100.59
201720,20,2017,2014,591,three,2,331.12,2015,230.53
201720,20,2017,2014,591,three,3,478.62,2016,147.5
201820,20,2018,2015,550,three,1,159.8,2015,159.8
201820,20,2018,2015,550,three,2,399.5,2016,239.7
201820,20,2018,2015,550,three,3,466.05,2017,66.55
201621,21,2016,2014,468,two,1,136.03,2014,136.03
201621,21,2016,2014,468,two,2,400.09,2015,264.06
201721,21,2017,2014,579,three,1,99.64,2014,99.64
201721,21,2017,2014,579,three,2,390.07,2015,290.43
201721,21,2017,2014,579,three,3,534.08,2016,144.01
201821,21,2018,2014,655,four,1,205.9,2014,205.9
201821,21,2018,2014,655,four,2,387.65,2015,181.75
201821,21,2018,2014,655,four,3,485.91,2016,98.26
201821,21,2018,2014,655,four,4,548.76,2017,62.85
201622,22,2016,2013,443,three,1,66.2,2013,66.2
201622,22,2016,2013,443,three,2,334.68,2014,268.48
201622,22,2016,2013,443,three,3,395.83,2015,61.15
201722,22,2017,2015,525,two,1,140.23,2015,140.23
201722,22,2017,2015,525,two,2,401.02,2016,260.79
201822,22,2018,2015,450,three,1,60.63,2015,60.63
201822,22,2018,2015,450,three,2,216.46,2016,155.83
201822,22,2018,2015,450,three,3,358.96,2017,142.5
201623,23,2016,2011,503,five,1,88.81,2011,88.81
201623,23,2016,2011,503,five,2,334.99,2012,246.18
201623,23,2016,2011,503,five,3,376.14,2013,41.15
201623,23,2016,2011,503,five,4,452.08,2014,75.94
201623,23,2016,2011,503,five,5,489.28,2015,37.2
201723,23,2017,2013,634,four,1,71.59,2013,71.59
201723,23,2017,2013,634,four,2,391.6,2014,320.01
201723,23,2017,2013,634,four,3,526.52,2015,134.92
201723,23,2017,2013,634,four,4,578.76,2016,52.24
201823,23,2018,2015,576,three,1,239.17,2015,239.17
201823,23,2018,2015,576,three,2,386.98,2016,147.81
201823,23,2018,2015,576,three,3,528.74,2017,141.76
201624,24,2016,2013,473,three,1,107.84,2013,107.84
201624,24,2016,2013,473,three,2,306.45,2014,198.61
201624,24,2016,2013,473,three,3,384.31,2015,77.86
201724,24,2017,2015,610,two,1,221.76,2015,221.76
201724,24,2017,2015,610,two,2,451.12,2016,229.36
201824,24,2018,2015,568,three,1,98.62,2015,98.62
201824,24,2018,2015,568,three,2,384.32,2016,285.7
201824,24,2018,2015,568,three,3,473.74,2017,89.42
201625,25,2016,2012,505,four,1,156.13,2012,156.13
201625,25,2016,2012,505,four,2,419.85,2013,263.72
201625,25,2016,2012,505,four,3,463.62,2014,43.77
201625,25,2016,2012,505,four,4,488.08,2015,24.46
201725,25,2017,2014,511,three,1,134.85,2014,134.85
201725,25,2017,2014,511,three,2,368.72,2015,233.87
201725,25,2017,2014,511,three,3,451.99,2016,83.27
201825,25,2018,2015,564,three,1,194.44,2015,194.44
201825,25,2018,2015,564,three,2,382.04,2016,187.6
201825,25,2018,2015,564,three,3,447.46,2017,65.42
201626,26,2016,2012,653,four,1,161.39,2012,161.39
201626,26,2016,2012,653,four,2,472.85,2013,311.46
201626,26,2016,2012,653,four,3,538.9,2014,66.05
201626,26,2016,2012,653,four,4,594.15,2015,55.25
201726,26,2017,2014,654,three,1,241.91,2014,241.91
201726,26,2017,2014,654,three,2,371.11,2015,129.2
201726,26,2017,2014,654,three,3,498.06,2016,126.95
201826,26,2018,2014,570,four,1,105.83,2014,105.83
201826,26,2018,2014,570,four,2,348.74,2015,242.91
201826,26,2018,2014,570,four,3,417.18,2016,68.44
201826,26,2018,2014,570,four,4,493.8,2017,76.62
201627,27,2016,2013,447,three,1,95.65,2013,95.65
201627,27,2016,2013,447,three,2,282.2,2014,186.55
201627,27,2016,2013,447,three,3,392.62,2015,110.42
201727,27,2017,2014,595,three,1,174.63,2014,174.63
201727,27,2017,2014,595,three,2,402.24,2015,227.61
201727,27,2017,2014,595,three,3,534,2016,131.76
201827,27,2018,2015,530,three,1,238.83,2015,238.83
201827,27,2018,2015,530,three,2,366.4,2016,127.57
201827,27,2018,2015,530,three,3,422.39,2017,55.99
201628,28,2016,2012,568,four,1,156.81,2012,156.81
201628,28,2016,2012,568,four,2,321.52,2013,164.71
201628,28,2016,2012,568,four,3,426.2,2014,104.68
201628,28,2016,2012,568,four,4,478.14,2015,51.94
201728,28,2017,2015,481,two,1,253.59,2015,253.59
201728,28,2017,2015,481,two,2,419.02,2016,165.43
201828,28,2018,2015,455,three,1,133.74,2015,133.74
201828,28,2018,2015,455,three,2,385.55,2016,251.81
201828,28,2018,2015,455,three,3,426.08,2017,40.53
201629,29,2016,2012,502,four,1,91.09,2012,91.09
201629,29,2016,2012,502,four,2,295.45,2013,204.36
201629,29,2016,2012,502,four,3,428.36,2014,132.91
201629,29,2016,2012,502,four,4,480.55,2015,52.19
201729,29,2017,2012,555,five,1,85.91,2012,85.91
201729,29,2017,2012,555,five,2,363.96,2013,278.05
201729,29,2017,2012,555,five,3,406.73,2014,42.77
201729,29,2017,2012,555,five,4,468.36,2015,61.63
201729,29,2017,2012,555,five,5,492.47,2016,24.11
201829,29,2018,2015,468,three,1,69.99,2015,69.99
201829,29,2018,2015,468,three,2,337.93,2016,267.94
201829,29,2018,2015,468,three,3,402.02,2017,64.09
201630,30,2016,2011,540,five,1,181.65,2011,181.65
201630,30,2016,2011,540,five,2,396.4,2012,214.75
201630,30,2016,2011,540,five,3,433.36,2013,36.96
201630,30,2016,2011,540,five,4,461.31,2014,27.95
201630,30,2016,2011,540,five,5,505.25,2015,43.94
201730,30,2017,2015,489,two,1,232.51,2015,232.51
201730,30,2017,2015,489,two,2,410.77,2016,178.26
201830,30,2018,2015,561,three,1,65.47,2015,65.47
201830,30,2018,2015,561,three,2,343.7,2016,278.23
201830,30,2018,2015,561,three,3,466.07,2017,122.37
201631,31,2016,2011,604,five,1,192.55,2011,192.55
201631,31,2016,2011,604,five,2,353.73,2012,161.18
201631,31,2016,2011,604,five,3,403.78,2013,50.05
201631,31,2016,2011,604,five,4,507.01,2014,103.23
201631,31,2016,2011,604,five,5,564.96,2015,57.95
201731,31,2017,2014,590,three,1,207.2,2014,207.2
201731,31,2017,2014,590,three,2,476.41,2015,269.21
201731,31,2017,2014,590,three,3,568.81,2016,92.4
201831,31,2018,2015,530,three,1,112.42,2015,112.42
201831,31,2018,2015,530,three,2,387.84,2016,275.42
201831,31,2018,2015,530,three,3,451.78,2017,63.94
201632,32,2016,2010,512,six,1,221.28,2010,221.28
201632,32,2016,2010,512,six,2,306.46,2011,85.18
201632,32,2016,2010,512,six,3,372.2,2012,65.74
201632,32,2016,2010,512,six,4,409,2013,36.8
201632,32,2016,2010,512,six,5,458.76,2014,49.76
201632,32,2016,2010,512,six,6,487.93,2015,29.17
201732,32,2017,2014,491,three,1,238.22,2014,238.22
201732,32,2017,2014,491,three,2,375.95,2015,137.73
201732,32,2017,2014,491,three,3,453.05,2016,77.1
201832,32,2018,2014,581,four,1,157.9,2014,157.9
201832,32,2018,2014,581,four,2,411.23,2015,253.33
201832,32,2018,2014,581,four,3,492.84,2016,81.61
201832,32,2018,2014,581,four,4,541.52,2017,48.68
201633,33,2016,2012,575,four,1,142.09,2012,142.09
201633,33,2016,2012,575,four,2,273.72,2013,131.63
201633,33,2016,2012,575,four,3,436.48,2014,162.76
201633,33,2016,2012,575,four,4,526.77,2015,90.29
201733,33,2017,2015,451,two,1,217.79,2015,217.79
201733,33,2017,2015,451,two,2,395.79,2016,178
201833,33,2018,2015,588,three,1,165.72,2015,165.72
201833,33,2018,2015,588,three,2,389.91,2016,224.19
201833,33,2018,2015,588,three,3,485.33,2017,95.42
201634,34,2016,2012,550,four,1,107.63,2012,107.63
201634,34,2016,2012,550,four,2,255.89,2013,148.26
201634,34,2016,2012,550,four,3,401.52,2014,145.63
201634,34,2016,2012,550,four,4,483.45,2015,81.93
201734,34,2017,2014,490,three,1,68.76,2014,68.76
201734,34,2017,2014,490,three,2,415.61,2015,346.85
201734,34,2017,2014,490,three,3,455.01,2016,39.4
201834,34,2018,2015,666,three,1,169.01,2015,169.01
201834,34,2018,2015,666,three,2,469.42,2016,300.41
201834,34,2018,2015,666,three,3,599.36,2017,129.94
201635,35,2016,2012,467,four,1,183.49,2012,183.49
201635,35,2016,2012,467,four,2,358.17,2013,174.68
201635,35,2016,2012,467,four,3,399.27,2014,41.1
201635,35,2016,2012,467,four,4,442.26,2015,42.99
201735,35,2017,2015,430,two,1,50.09,2015,50.09
201735,35,2017,2015,430,two,2,327.14,2016,277.05
201835,35,2018,2011,590,seven,1,80.23,2011,80.23
201835,35,2018,2011,590,seven,2,351.18,2012,270.95
201835,35,2018,2011,590,seven,3,410.26,2013,59.08
201835,35,2018,2011,590,seven,4,441.44,2014,31.18
201835,35,2018,2011,590,seven,5,476.7,2015,35.26
201835,35,2018,2011,590,seven,6,515.88,2016,39.18
201835,35,2018,2011,590,seven,7,541.5776892,2017,25.6976892
201636,36,2016,2012,656,four,1,247.72,2012,247.72
201636,36,2016,2012,656,four,2,502.8,2013,255.08
201636,36,2016,2012,656,four,3,568.09,2014,65.29
201636,36,2016,2012,656,four,4,613.89,2015,45.8
201736,36,2017,2011,687,six,1,68.46,2011,68.46
201736,36,2017,2011,687,six,2,207.03,2012,138.57
201736,36,2017,2011,687,six,3,334.1,2013,127.07
201736,36,2017,2011,687,six,4,420.09,2014,85.99
201736,36,2017,2011,687,six,5,520.13,2015,100.04
201736,36,2017,2011,687,six,6,611.05,2016,90.92
201836,36,2018,2015,447,three,1,125.83,2015,125.83
201836,36,2018,2015,447,three,2,297.67,2016,171.84
201836,36,2018,2015,447,three,3,364.5,2017,66.83
201637,37,2016,2013,439,three,1,115.99,2013,115.99
201637,37,2016,2013,439,three,2,331.94,2014,215.95
201637,37,2016,2013,439,three,3,404.73,2015,72.79
201737,37,2017,2012,640,five,1,110.03,2012,110.03
201737,37,2017,2012,640,five,2,256.48,2013,146.45
201737,37,2017,2012,640,five,3,400.53,2014,144.05
201737,37,2017,2012,640,five,4,471.17,2015,70.64
201737,37,2017,2012,640,five,5,570.66,2016,99.49
201837,37,2018,2015,568,three,1,53.55,2015,53.55
201837,37,2018,2015,568,three,2,343.8,2016,290.25
201837,37,2018,2015,568,three,3,466.32,2017,122.52
201638,38,2016,2013,456,three,1,192.04,2013,192.04
201638,38,2016,2013,456,three,2,308.48,2014,116.44
201638,38,2016,2013,456,three,3,416.37,2015,107.89
201738,38,2017,2013,474,four,1,182,2013,182
201738,38,2017,2013,474,four,2,345.75,2014,163.75
201738,38,2017,2013,474,four,3,401.57,2015,55.82
201738,38,2017,2013,474,four,4,436.23,2016,34.66
201639,39,2016,2013,454,three,1,172.74,2013,172.74
201639,39,2016,2013,454,three,2,388.16,2014,215.42
201639,39,2016,2013,454,three,3,430.44,2015,42.28
201739,39,2017,2014,418,three,1,168.03,2014,168.03
201739,39,2017,2014,418,three,2,320.67,2015,152.64
201739,39,2017,2014,418,three,3,370.48,2016,49.81
201839,39,2018,2014,658,four,1,202.27,2014,202.27
201839,39,2018,2014,658,four,2,381.3,2015,179.03
201839,39,2018,2014,658,four,3,469.81,2016,88.51
201839,39,2018,2014,658,four,4,608.16,2017,138.35
201640,40,2016,2013,497,three,1,179.02,2013,179.02
201640,40,2016,2013,497,three,2,340.48,2014,161.46
201640,40,2016,2013,497,three,3,438.89,2015,98.41
201740,40,2017,2014,370,three,1,146.45,2014,146.45
201740,40,2017,2014,370,three,2,239.77,2015,93.32
201740,40,2017,2014,370,three,3,323.69,2016,83.92
201641,41,2016,2013,623,three,1,234.18,2013,234.18
201641,41,2016,2013,623,three,2,504.29,2014,270.11
201641,41,2016,2013,623,three,3,559.81,2015,55.52
201741,41,2017,2015,355,two,1,182.37,2015,182.37
201741,41,2017,2015,355,two,2,345.05,2016,162.68
201642,42,2016,2012,471,four,1,104.58,2012,104.58
201642,42,2016,2012,471,four,2,239.94,2013,135.36
201642,42,2016,2012,471,four,3,335.64,2014,95.7
201642,42,2016,2012,471,four,4,405.69,2015,70.05
201742,42,2017,2015,400,two,1,61.71,2015,61.71
201742,42,2017,2015,400,two,2,300,2016,238.29
201643,43,2016,2012,563,four,1,124.95,2012,124.95
201643,43,2016,2012,563,four,2,370.6,2013,245.65
201643,43,2016,2012,563,four,3,450.36,2014,79.76
201643,43,2016,2012,563,four,4,528.63,2015,78.27
201743,43,2017,2015,474,two,1,147.98,2015,147.98
201743,43,2017,2015,474,two,2,377.64,2016,229.66
201644,44,2016,2013,470,three,1,84.65,2013,84.65
201644,44,2016,2013,470,three,2,352.6,2014,267.95
201644,44,2016,2013,470,three,3,430.34,2015,77.74
201744,44,2017,2013,489,four,1,180.3,2013,180.3
201744,44,2017,2013,489,four,2,391.66,2014,211.36
201744,44,2017,2013,489,four,3,441.03,2015,49.37
201744,44,2017,2013,489,four,4,472.31,2016,31.28
201844,44,2018,2015,540,three,1,179.26,2015,179.26
201844,44,2018,2015,540,three,2,397.93,2016,218.67
201844,44,2018,2015,540,three,3,490.34,2017,92.41
201645,45,2016,2012,579,four,1,127.85,2012,127.85
201645,45,2016,2012,579,four,2,362.14,2013,234.29
201645,45,2016,2012,579,four,3,509.72,2014,147.58
201645,45,2016,2012,579,four,4,557.8,2015,48.08
201745,45,2017,2014,441,three,1,110.2,2014,110.2
201745,45,2017,2014,441,three,2,290.49,2015,180.29
201745,45,2017,2014,441,three,3,406.56,2016,116.07
201845,45,2018,2014,560,four,1,73.83,2014,73.83
201845,45,2018,2014,560,four,2,401.9,2015,328.07
201845,45,2018,2014,560,four,3,454.26,2016,52.36
201845,45,2018,2014,560,four,4,532.59,2017,78.33
201646,46,2016,2011,671,five,1,179.95,2011,179.95
201646,46,2016,2011,671,five,2,445.59,2012,265.64
201646,46,2016,2011,671,five,3,517.5,2013,71.91
201646,46,2016,2011,671,five,4,598.16,2014,80.66
201646,46,2016,2011,671,five,5,635.05,2015,36.89
201746,46,2017,2011,630,six,1,246.07,2011,246.07
201746,46,2017,2011,630,six,2,411.75,2012,165.68
201746,46,2017,2011,630,six,3,483.14,2013,71.39
201746,46,2017,2011,630,six,4,511.77,2014,28.63
201746,46,2017,2011,630,six,5,565.36,2015,53.59
201746,46,2017,2011,630,six,6,595.64,2016,30.28
201846,46,2018,2014,522,four,1,114.8,2014,114.8
201846,46,2018,2014,522,four,2,323.78,2015,208.98
201846,46,2018,2014,522,four,3,376.48,2016,52.7
201846,46,2018,2014,522,four,4,447.11,2017,70.63
201647,47,2016,2011,676,five,1,235.19,2011,235.19
201647,47,2016,2011,676,five,2,462.94,2012,227.75
201647,47,2016,2011,676,five,3,543.88,2013,80.94
201647,47,2016,2011,676,five,4,603.02,2014,59.14
201647,47,2016,2011,676,five,5,650.75,2015,47.73
201747,47,2017,2015,445,two,1,91.4,2015,91.4
201747,47,2017,2015,445,two,2,311.16,2016,219.76
201847,47,2018,2014,525,four,1,149.62,2014,149.62
201847,47,2018,2014,525,four,2,347.39,2015,197.77
201847,47,2018,2014,525,four,3,406.46,2016,59.07
201847,47,2018,2014,525,four,4,470.26,2017,63.8
201648,48,2016,2013,490,three,1,80.57,2013,80.57
201648,48,2016,2013,490,three,2,298.6,2014,218.03
201648,48,2016,2013,490,three,3,400.61,2015,102.01
201748,48,2017,2014,436,three,1,116.46,2014,116.46
201748,48,2017,2014,436,three,2,311.82,2015,195.36
201748,48,2017,2014,436,three,3,380.77,2016,68.95
201848,48,2018,2015,587,three,1,59.03,2015,59.03
201848,48,2018,2015,587,three,2,308.44,2016,249.41
201848,48,2018,2015,587,three,3,431.48,2017,123.04
201649,49,2016,2010,676,six,1,241.72,2010,241.72
201649,49,2016,2010,676,six,2,432.0574506,2011,190.34
201649,49,2016,2010,676,six,3,485.4578097,2012,53.4
201649,49,2016,2010,676,six,4,531.1717534,2013,45.71
201649,49,2016,2010,676,six,5,577.0879713,2014,45.92
201649,49,2016,2010,676,six,6,635.9497307,2015,58.86
201749,49,2017,2014,460,three,1,113.12,2014,113.12
201749,49,2017,2014,460,three,2,337.52,2015,224.4
201749,49,2017,2014,460,three,3,409.13,2016,71.61
201849,49,2018,2015,594,three,1,116.85,2015,116.85
201849,49,2018,2015,594,three,2,380.09,2016,263.24
201849,49,2018,2015,594,three,3,505.12,2017,125.03
201650,50,2016,2013,436,three,1,136.09,2013,136.09
201650,50,2016,2013,436,three,2,332.47,2014,196.38
201650,50,2016,2013,436,three,3,406.03,2015,73.56
201750,50,2017,2014,371,three,1,86.61,2014,86.61
201750,50,2017,2014,371,three,2,281.21,2015,194.6
201750,50,2017,2014,371,three,3,326.22,2016,45.01
201850,50,2018,2014,615,four,1,102.65,2014,102.65
201850,50,2018,2014,615,four,2,411.67,2015,309.02
201850,50,2018,2014,615,four,3,473.04,2016,61.37
201850,50,2018,2014,615,four,4,543.15,2017,70.11
201651,51,2016,2012,454,four,1,74.86,2012,74.86
201651,51,2016,2012,454,four,2,297.55,2013,222.69
201651,51,2016,2012,454,four,3,360.84,2014,63.29
201651,51,2016,2012,454,four,4,410.47,2015,49.63
201751,51,2017,2012,459,five,1,82.18,2012,82.18
201751,51,2017,2012,459,five,2,193.75,2013,111.57
201751,51,2017,2012,459,five,3,262.58,2014,68.83
201751,51,2017,2012,459,five,4,355.65,2015,93.07
201751,51,2017,2012,459,five,5,409.48,2016,53.83
201851,51,2018,2014,564,four,1,71.16,2014,71.16
201851,51,2018,2014,564,four,2,371.12,2015,299.96
201851,51,2018,2014,564,four,3,467.22,2016,96.1
201851,51,2018,2014,564,four,4,519.15,2017,51.93
201652,52,2016,2014,417,two,1,66.77,2014,66.77
201652,52,2016,2014,417,two,2,328.06,2015,261.29
201752,52,2017,2011,502,six,1,91.77,2011,91.77
201752,52,2017,2011,502,six,2,382.48,2012,290.71
201752,52,2017,2011,502,six,3,400.03,2013,17.55
201752,52,2017,2011,502,six,4,425.27,2014,25.24
201752,52,2017,2011,502,six,5,449.84,2015,24.57
201752,52,2017,2011,502,six,6,486.12,2016,36.28
201852,52,2018,2015,449,three,1,110.63,2015,110.63
201852,52,2018,2015,449,three,2,259.17,2016,148.54
201852,52,2018,2015,449,three,3,380.44,2017,121.27
201653,53,2016,2010,423,six,1,209.21,2010,209.21
201653,53,2016,2010,423,six,2,284.85,2011,75.64
201653,53,2016,2010,423,six,3,319.85,2012,35
201653,53,2016,2010,423,six,4,351.94,2013,32.09
201653,53,2016,2010,423,six,5,379.24,2014,27.3
201653,53,2016,2010,423,six,6,395.08,2015,15.84
201753,53,2017,2014,496,three,1,134.55,2014,134.55
201753,53,2017,2014,496,three,2,281.82,2015,147.27
201753,53,2017,2014,496,three,3,393.09,2016,111.27
201853,53,2018,2015,478,three,1,150.39,2015,150.39
201853,53,2018,2015,478,three,2,311.67,2016,161.28
201853,53,2018,2015,478,three,3,392.44,2017,80.77
201654,54,2016,2012,528,four,1,119.54,2012,119.54
201654,54,2016,2012,528,four,2,370.13,2013,250.59
201654,54,2016,2012,528,four,3,431.22,2014,61.09
201654,54,2016,2012,528,four,4,480.81,2015,49.59
201754,54,2017,2015,558,two,1,118.24,2015,118.24
201754,54,2017,2015,558,two,2,476.43,2016,358.19
201854,54,2018,2015,485,three,1,124.12,2015,124.12
201854,54,2018,2015,485,three,2,347.54,2016,223.42
201854,54,2018,2015,485,three,3,419.35,2017,71.81
201655,55,2016,2013,486,three,1,107.22,2013,107.22
201655,55,2016,2013,486,three,2,294.89,2014,187.67
201655,55,2016,2013,486,three,3,425.79,2015,130.9
201755,55,2017,2015,574,two,1,100.57,2015,100.57
201755,55,2017,2015,574,two,2,422.07,2016,321.5
201855,55,2018,2015,484,three,1,195.56,2015,195.56
201855,55,2018,2015,484,three,2,323.53,2016,127.97
201855,55,2018,2015,484,three,3,404.54,2017,81.01
201656,56,2016,2012,599,four,1,208.59,2012,208.59
201656,56,2016,2012,599,four,2,418.56,2013,209.97
201656,56,2016,2012,599,four,3,496.55,2014,77.99
201656,56,2016,2012,599,four,4,539.7,2015,43.15
201756,56,2017,2012,496,five,1,46.04,2012,46.04
201756,56,2017,2012,496,five,2,192.92,2013,146.88
201756,56,2017,2012,496,five,3,280.74,2014,87.82
201756,56,2017,2012,496,five,4,337.66,2015,56.92
201756,56,2017,2012,496,five,5,416.93,2016,79.27
201856,56,2018,2015,441,three,1,107.77,2015,107.77
201856,56,2018,2015,441,three,2,270.13,2016,162.36
201856,56,2018,2015,441,three,3,393.1,2017,122.97
201657,57,2016,2012,486,four,1,115.7,2012,115.7
201657,57,2016,2012,486,four,2,362.79,2013,247.09
201657,57,2016,2012,486,four,3,427.13,2014,64.34
201657,57,2016,2012,486,four,4,453.58,2015,26.45
201757,57,2017,2012,511,five,1,41.02,2012,41.02
201757,57,2017,2012,511,five,2,180.3,2013,139.28
201757,57,2017,2012,511,five,3,281.14,2014,100.84
201757,57,2017,2012,511,five,4,368.94,2015,87.8
201757,57,2017,2012,511,five,5,477.67,2016,108.73
201857,57,2018,2015,520,three,1,135.2,2015,135.2
201857,57,2018,2015,520,three,2,301.6,2016,166.4
201857,57,2018,2015,520,three,3,394.23,2017,92.63
201658,58,2016,2013,516,three,1,122.6,2013,122.6
201658,58,2016,2013,516,three,2,372.75,2014,250.15
201658,58,2016,2013,516,three,3,461.92,2015,89.17
201758,58,2017,2013,560,four,1,79.33,2013,79.33
201758,58,2017,2013,560,four,2,239.4,2014,160.07
201758,58,2017,2013,560,four,3,399.23,2015,159.83
201758,58,2017,2013,560,four,4,505.4,2016,106.17
201858,58,2018,2015,460,three,1,156.96,2015,156.96
201858,58,2018,2015,460,three,2,275.06,2016,118.1
201858,58,2018,2015,460,three,3,425.83,2017,150.77
201659,59,2016,2013,479,three,1,122.83,2013,122.83
201659,59,2016,2013,479,three,2,309.99,2014,187.16
201659,59,2016,2013,479,three,3,399.91,2015,89.92
201759,59,2017,2015,432,two,1,74.27,2015,74.27
201759,59,2017,2015,432,two,2,309.24,2016,234.97
201859,59,2018,2015,477,three,1,160.88,2015,160.88
201859,59,2018,2015,477,three,2,279.39,2016,118.51
201859,59,2018,2015,477,three,3,381.01,2017,101.62
201660,60,2016,2012,534,four,1,70.91,2012,70.91
201660,60,2016,2012,534,four,2,337.7,2013,266.79
201660,60,2016,2012,534,four,3,454.01,2014,116.31
201660,60,2016,2012,534,four,4,494.87,2015,40.86
201760,60,2017,2014,445,three,1,166.09,2014,166.09
201760,60,2017,2014,445,three,2,318.96,2015,152.87
201760,60,2017,2014,445,three,3,390.83,2016,71.87
201860,60,2018,2015,443,three,1,137.83,2015,137.83
201860,60,2018,2015,443,three,2,247.69,2016,109.86
201860,60,2018,2015,443,three,3,393.51,2017,145.82
201661,61,2016,2013,515,three,1,53.35,2013,53.35
201661,61,2016,2013,515,three,2,374.98,2014,321.63
201661,61,2016,2013,515,three,3,446.41,2015,71.43
201761,61,2017,2013,489,four,1,123.5,2013,123.5
201761,61,2017,2013,489,four,2,202.12,2014,78.62
201761,61,2017,2013,489,four,3,280.36,2015,78.24
201761,61,2017,2013,489,four,4,374.52,2016,94.16
201861,61,2018,2014,468,four,1,105.61,2014,105.61
201861,61,2018,2014,468,four,2,184.1,2015,78.49
201861,61,2018,2014,468,four,3,279.06,2016,94.96
201861,61,2018,2014,468,four,4,383.94,2017,104.88
201662,62,2016,2012,475,four,1,142.23,2012,142.23
201662,62,2016,2012,475,four,2,340.82,2013,198.59
201662,62,2016,2012,475,four,3,393.05,2014,52.23
201662,62,2016,2012,475,four,4,422.98,2015,29.93
201762,62,2017,2014,469,three,1,138.18,2014,138.18
201762,62,2017,2014,469,three,2,358.12,2015,219.94
201762,62,2017,2014,469,three,3,437.68,2016,79.56
201862,62,2018,2015,472,three,1,142.6,2015,142.6
201862,62,2018,2015,472,three,2,260.66,2016,118.06
201862,62,2018,2015,472,three,3,396.1,2017,135.44
201663,63,2016,2012,641,four,1,197.23,2012,197.23
201663,63,2016,2012,641,four,2,398.94,2013,201.71
201663,63,2016,2012,641,four,3,457.22,2014,58.28
201663,63,2016,2012,641,four,4,535.31,2015,78.09
201763,63,2017,2014,524,three,1,46.96,2014,46.96
201763,63,2017,2014,524,three,2,361.81,2015,314.85
201763,63,2017,2014,524,three,3,430.09,2016,68.28
201863,63,2018,2015,487,three,1,139.07,2015,139.07
201863,63,2018,2015,487,three,2,255.46,2016,116.39
201863,63,2018,2015,487,three,3,369.86,2017,114.4
201664,64,2016,2011,588,five,1,88.77,2011,88.77
201664,64,2016,2011,588,five,2,358.7,2012,269.93
201664,64,2016,2011,588,five,3,445.43,2013,86.73
201664,64,2016,2011,588,five,4,513.54,2014,68.11
201664,64,2016,2011,588,five,5,565.07,2015,51.53
201764,64,2017,2014,486,three,1,129.12,2014,129.12
201764,64,2017,2014,486,three,2,367.84,2015,238.72
201764,64,2017,2014,486,three,3,444.79,2016,76.95
201864,64,2018,2014,518,four,1,77.2,2014,77.2
201864,64,2018,2014,518,four,2,350.2,2015,273
201864,64,2018,2014,518,four,3,440.4,2016,90.2
201864,64,2018,2014,518,four,4,481.6,2017,41.2
201665,65,2016,2012,503,four,1,49.4,2012,49.4
201665,65,2016,2012,503,four,2,319.05,2013,269.65
201665,65,2016,2012,503,four,3,415.87,2014,96.82
201665,65,2016,2012,503,four,4,472.64,2015,56.77
201865,65,2018,2014,440,four,1,121.28,2014,121.28
201865,65,2018,2014,440,four,2,269.9,2015,148.62
201865,65,2018,2014,440,four,3,330.65,2016,60.75
201865,65,2018,2014,440,four,4,374.04,2017,43.39
201666,66,2016,2014,590,two,1,141.8,2014,141.8
201666,66,2016,2014,590,two,2,471.87,2015,330.07
201766,66,2017,2014,505,three,1,40.95,2014,40.95
201766,66,2017,2014,505,three,2,323.16,2015,282.21
201766,66,2017,2014,505,three,3,433.67,2016,110.51
201866,66,2018,2014,452,four,1,171.46,2014,171.46
201866,66,2018,2014,452,four,2,286.54,2015,115.08
201866,66,2018,2014,452,four,3,342,2016,55.46
201866,66,2018,2014,452,four,4,402.55,2017,60.55
201667,67,2016,2013,509,three,1,106.56,2013,106.56
201667,67,2016,2013,509,three,2,282.68,2014,176.12
201667,67,2016,2013,509,three,3,423.8,2015,141.12
201867,67,2018,2014,478,four,1,59.13,2014,59.13
201867,67,2018,2014,478,four,2,252.77,2015,193.64
201867,67,2018,2014,478,four,3,414.37,2016,161.6
201867,67,2018,2014,478,four,4,444.81,2017,30.44
201668,68,2016,2012,593,four,1,184.77,2012,184.77
201668,68,2016,2012,593,four,2,482.99,2013,298.22
201668,68,2016,2012,593,four,3,510.95,2014,27.96
201668,68,2016,2012,593,four,4,549.04,2015,38.09
201768,68,2017,2014,509,three,1,179.18,2014,179.18
201768,68,2017,2014,509,three,2,345.81,2015,166.63
201768,68,2017,2014,509,three,3,429.75,2016,83.94
201868,68,2018,2014,600,four,1,141.6,2014,141.6
201868,68,2018,2014,600,four,2,422.54,2015,280.94
201868,68,2018,2014,600,four,3,491.3,2016,68.76
201868,68,2018,2014,600,four,4,552.8,2017,61.5
201669,69,2016,2013,573,three,1,85.55,2013,85.55
201669,69,2016,2013,573,three,2,391.03,2014,305.48
201669,69,2016,2013,573,three,3,453.03,2015,62
201769,69,2017,2013,521,four,1,216.91,2013,216.91
201769,69,2017,2013,521,four,2,364.72,2014,147.81
201769,69,2017,2013,521,four,3,428.12,2015,63.4
201769,69,2017,2013,521,four,4,464.97,2016,36.85
201869,69,2018,2015,510,three,1,58.24,2015,58.24
201869,69,2018,2015,510,three,2,354.17,2016,295.93
201869,69,2018,2015,510,three,3,419.83,2017,65.66
201670,70,2016,2012,468,four,1,44.63,2012,44.63
201670,70,2016,2012,468,four,2,319.76,2013,275.13
201670,70,2016,2012,468,four,3,415.14,2014,95.38
201670,70,2016,2012,468,four,4,448.22,2015,33.08
201770,70,2017,2014,621,three,1,287.66,2014,287.66
201770,70,2017,2014,621,three,2,442.47,2015,154.81
201770,70,2017,2014,621,three,3,541.72,2016,99.25
201870,70,2018,2013,488,five,1,63.15,2013,63.15
201870,70,2018,2013,488,five,2,320.32,2014,257.17
201870,70,2018,2013,488,five,3,375.03,2015,54.71
201870,70,2018,2013,488,five,4,415.73,2016,40.7
201870,70,2018,2013,488,five,5,461.66,2017,45.93
201671,71,2016,2013,497,three,1,170.74,2013,170.74
201671,71,2016,2013,497,three,2,406.93,2014,236.19
201671,71,2016,2013,497,three,3,455.63,2015,48.7
201871,71,2018,2015,488,three,1,72.75,2015,72.75
201871,71,2018,2015,488,three,2,267.78,2016,195.03
201871,71,2018,2015,488,three,3,438.92,2017,171.14
201672,72,2016,2011,435,five,1,81.15,2011,81.15
201672,72,2016,2011,435,five,2,272.32,2012,191.17
201672,72,2016,2011,435,five,3,336.49,2013,64.17
201672,72,2016,2011,435,five,4,365.74,2014,29.25
201672,72,2016,2011,435,five,5,402.35,2015,36.61
201772,72,2017,2014,455,three,1,202.93,2014,202.93
201772,72,2017,2014,455,three,2,320.48,2015,117.55
201772,72,2017,2014,455,three,3,428.4,2016,107.92
201872,72,2018,2016,495,two,1,148.8,2016,148.8
201872,72,2018,2016,495,two,2,361.05,2017,212.25
201673,73,2016,2012,484,four,1,102.47,2012,102.47
201673,73,2016,2012,484,four,2,355.72,2013,253.25
201673,73,2016,2012,484,four,3,411.23,2014,55.51
201673,73,2016,2012,484,four,4,464.79,2015,53.56
201773,73,2017,2013,468,four,1,133.68,2013,133.68
201773,73,2017,2013,468,four,2,244.16,2014,110.48
201773,73,2017,2013,468,four,3,304.68,2015,60.52
201773,73,2017,2013,468,four,4,425.72,2016,121.04
201873,73,2018,2014,595,four,1,197.9,2014,197.9
201873,73,2018,2014,595,four,2,372.66,2015,174.76
201873,73,2018,2014,595,four,3,441.71,2016,69.05
201873,73,2018,2014,595,four,4,535.39,2017,93.68
201674,74,2016,2012,468,four,1,121.91,2012,121.91
201674,74,2016,2012,468,four,2,349.17,2013,227.26
201674,74,2016,2012,468,four,3,395.2,2014,46.03
201674,74,2016,2012,468,four,4,428.71,2015,33.51
201774,74,2017,2014,550,three,1,83.13,2014,83.13
201774,74,2017,2014,550,three,2,279.91,2015,196.78
201774,74,2017,2014,550,three,3,463.19,2016,183.28
201874,74,2018,2016,530,two,1,145.6,2016,145.6
201874,74,2018,2016,530,two,2,475.09,2017,329.49
201675,75,2016,2013,426,three,1,143.25,2013,143.25
201675,75,2016,2013,426,three,2,333.59,2014,190.34
201675,75,2016,2013,426,three,3,396.64,2015,63.05
201775,75,2017,2015,500,two,1,251.36,2015,251.36
201775,75,2017,2015,500,two,2,472.76,2016,221.4
201676,76,2016,2015,316,one,1,91.02,2015,91.02
201677,77,2016,2013,461,three,1,79.49,2013,79.49
201677,77,2016,2013,461,three,2,316.1,2014,236.61
201677,77,2016,2013,461,three,3,432.84,2015,116.74
201678,78,2016,2013,470,three,1,237.46,2013,237.46
201678,78,2016,2013,470,three,2,334.53,2014,97.07
201678,78,2016,2013,470,three,3,425.7,2015,91.17
201679,79,2016,2013,453,three,1,175.57,2013,175.57
201679,79,2016,2013,453,three,2,321.16,2014,145.59
201679,79,2016,2013,453,three,3,372.77,2015,51.61
201680,80,2016,2012,473,four,1,112.96,2012,112.96
201680,80,2016,2012,473,four,2,315.67,2013,202.71
201680,80,2016,2012,473,four,3,411.4,2014,95.73
201680,80,2016,2012,473,four,4,447.58,2015,36.18
201681,81,2016,2014,458,two,1,158.23,2014,158.23
201681,81,2016,2014,458,two,2,372.11,2015,213.88
201682,82,2016,2012,578,four,1,195.52,2012,195.52
201682,82,2016,2012,578,four,2,427.6,2013,232.08
201682,82,2016,2012,578,four,3,509.97,2014,82.37
201682,82,2016,2012,578,four,4,559.46,2015,49.49
201683,83,2016,2013,580,three,1,144.84,2013,144.84
201683,83,2016,2013,580,three,2,369.11,2014,224.27
201683,83,2016,2013,580,three,3,510.61,2015,141.5
201684,84,2016,2012,589,four,1,107.72,2012,107.72
201684,84,2016,2012,589,four,2,345.6,2013,237.88
201684,84,2016,2012,589,four,3,486.98,2014,141.38
201684,84,2016,2012,589,four,4,556.95,2015,69.97
201685,85,2016,2012,487,four,1,173.42,2012,173.42
201685,85,2016,2012,487,four,2,304.86,2013,131.44
201685,85,2016,2012,487,four,3,393.09,2014,88.23
201685,85,2016,2012,487,four,4,451.5,2015,58.41
201686,86,2016,2013,541,three,1,300.83,2013,300.83
201686,86,2016,2013,541,three,2,435.97,2014,135.14
201686,86,2016,2013,541,three,3,445.8,2015,9.83
201687,87,2016,2012,480,four,1,162.06,2012,162.06
201687,87,2016,2012,480,four,2,360.26,2013,198.2
201687,87,2016,2012,480,four,3,417.64,2014,57.38
201687,87,2016,2012,480,four,4,456.19,2015,38.55
201688,88,2016,2013,457,three,1,92.1,2013,92.1
201688,88,2016,2013,457,three,2,356.19,2014,264.09
201688,88,2016,2013,457,three,3,392.14,2015,35.95
201689,89,2016,2013,438,three,1,141.09,2013,141.09
201689,89,2016,2013,438,three,2,369.78,2014,228.69
201689,89,2016,2013,438,three,3,413.19,2015,43.41
201690,90,2016,2011,557,five,1,128.89,2011,128.89
201690,90,2016,2011,557,five,2,347.84,2012,218.95
201690,90,2016,2011,557,five,3,410.7,2013,62.86
201690,90,2016,2011,557,five,4,476.01,2014,65.31
201690,90,2016,2011,557,five,5,532.69,2015,56.68
201691,91,2016,2014,510,two,1,234.97,2014,234.97
201691,91,2016,2014,510,two,2,426.98,2015,192.01
201791,91,2017,2013,710,four,1,153.52,2013,153.52
201791,91,2017,2013,710,four,2,413.61,2014,260.09
201791,91,2017,2013,710,four,3,513.85,2015,100.24
201791,91,2017,2013,710,four,4,600.48,2016,86.63
201692,92,2016,2014,436,two,1,152.53,2014,152.53
201692,92,2016,2014,436,two,2,368.86,2015,216.33
201792,92,2017,2012,527,five,1,94.05,2012,94.05
201792,92,2017,2012,527,five,2,359.7,2013,265.65
201792,92,2017,2012,527,five,3,402.42,2014,42.72
201792,92,2017,2012,527,five,4,460.49,2015,58.07
201792,92,2017,2012,527,five,5,507.14,2016,46.65
201693,93,2016,2010,633,six,1,176.7,2010,176.7
201693,93,2016,2010,633,six,2,473.65,2011,296.95
201693,93,2016,2010,633,six,3,500,2012,26.35
201693,93,2016,2010,633,six,4,531.58,2013,31.58
201693,93,2016,2010,633,six,5,554.58,2014,23
201693,93,2016,2010,633,six,6,599.54,2015,44.96
201793,93,2017,2015,497,two,1,137.43,2015,137.43
201793,93,2017,2015,497,two,2,387.94,2016,250.51
201694,94,2016,2013,436,three,1,168.06,2013,168.06
201694,94,2016,2013,436,three,2,390.73,2014,222.67
201694,94,2016,2013,436,three,3,419.87,2015,29.14
201794,94,2017,2012,610,five,1,75.02,2012,75.02
201794,94,2017,2012,610,five,2,335.32,2013,260.3
201794,94,2017,2012,610,five,3,467.05,2014,131.73
201794,94,2017,2012,610,five,4,533.41,2015,66.36
201794,94,2017,2012,610,five,5,575.94,2016,42.53
201695,95,2016,2013,435,three,1,103.3,2013,103.3
201695,95,2016,2013,435,three,2,340.26,2014,236.96
201695,95,2016,2013,435,three,3,397.92,2015,57.66
201795,95,2017,2014,610,three,1,179.72,2014,179.72
201795,95,2017,2014,610,three,2,465.78,2015,286.06
201795,95,2017,2014,610,three,3,569.27,2016,103.49
201696,96,2016,2012,726,four,1,176.16,2012,176.16
201696,96,2016,2012,726,four,2,414.52,2013,238.36
201696,96,2016,2012,726,four,3,581.96,2014,167.44
201696,96,2016,2012,726,four,4,662.78,2015,80.82
201697,97,2016,2013,548,three,1,89.14,2013,89.14
201697,97,2016,2013,548,three,2,309.43,2014,220.29
201697,97,2016,2013,548,three,3,431.55,2015,122.12
201698,98,2016,2013,499,three,1,77.14,2013,77.14
201698,98,2016,2013,499,three,2,345.77,2014,268.63
201698,98,2016,2013,499,three,3,446.16,2015,100.39
201699,99,2016,2012,542,four,1,112.98,2012,112.98
201699,99,2016,2012,542,four,2,401.18,2013,288.2
201699,99,2016,2012,542,four,3,452.78,2014,51.6
201699,99,2016,2012,542,four,4,492.58,2015,39.8
2016100,100,2016,2012,429,four,1,142.72,2012,142.72
2016100,100,2016,2012,429,four,2,343.71,2013,200.99
2016100,100,2016,2012,429,four,3,388.89,2014,45.18
2016100,100,2016,2012,429,four,4,415.7,2015,26.81
2016101,101,2016,2013,558,three,1,69.23,2013,69.23
2016101,101,2016,2013,558,three,2,397.85,2014,328.62
2016101,101,2016,2013,558,three,3,500.6,2015,102.75
2016102,102,2016,2011,605,five,1,182.79,2011,182.79
2016102,102,2016,2011,605,five,2,351.99,2012,169.2
2016102,102,2016,2011,605,five,3,403.63,2013,51.64
2016102,102,2016,2011,605,five,4,492.61,2014,88.98
2016102,102,2016,2011,605,five,5,551.58,2015,58.97
2016103,103,2016,2014,450,two,1,304.58,2014,304.58
2016103,103,2016,2014,450,two,2,402.63,2015,98.05
2016104,104,2016,2011,445,five,1,139.6,2011,139.6
2016104,104,2016,2011,445,five,2,226.83,2012,87.23
2016104,104,2016,2011,445,five,3,330.9,2013,104.07
2016104,104,2016,2011,445,five,4,394.67,2014,63.77
2016104,104,2016,2011,445,five,5,422.45,2015,27.78
2016105,105,2016,2013,482,three,1,140.59,2013,140.59
2016105,105,2016,2013,482,three,2,358.34,2014,217.75
2016105,105,2016,2013,482,three,3,430.78,2015,72.44
2016106,106,2016,2011,551,five,1,78.85,2011,78.85
2016106,106,2016,2011,551,five,2,316.85,2012,238
2016106,106,2016,2011,551,five,3,389.63,2013,72.78
2016106,106,2016,2011,551,five,4,457.45,2014,67.82
2016106,106,2016,2011,551,five,5,512.96,2015,55.51
2016107,107,2016,2012,520,four,1,178.38,2012,178.38
2016107,107,2016,2012,520,four,2,416,2013,237.62
2016107,107,2016,2012,520,four,3,470.21,2014,54.21
2016107,107,2016,2012,520,four,4,491.43,2015,21.22
2016108,108,2016,2011,549,five,1,124.76,2011,124.76
2016108,108,2016,2011,549,five,2,314.67,2012,189.91
2016108,108,2016,2011,549,five,3,411.84,2013,97.17
2016108,108,2016,2011,549,five,4,480.7,2014,68.86
2016108,108,2016,2011,549,five,5,520.87,2015,40.17
2016109,109,2016,2013,658,three,1,324.08,2013,324.08
2016109,109,2016,2013,658,three,2,488.95,2014,164.87
2016109,109,2016,2013,658,three,3,600.76,2015,111.81
2016110,110,2016,2013,570,three,1,141.89,2013,141.89
2016110,110,2016,2013,570,three,2,399.59,2014,257.7
2016110,110,2016,2013,570,three,3,517.34,2015,117.75
2016112,112,2016,2013,457,three,1,179.73,2013,179.73
2016112,112,2016,2013,457,three,2,367.79,2014,188.06
2016112,112,2016,2013,457,three,3,435.6,2015,67.81
2016113,113,2016,2011,550,five,1,81.03,2011,81.03
2016113,113,2016,2011,550,five,2,257.91,2012,176.88
2016113,113,2016,2011,550,five,3,359.88,2013,101.97
2016113,113,2016,2011,550,five,4,450.99,2014,91.11
2016113,113,2016,2011,550,five,5,490.71,2015,39.72
2016114,114,2016,2011,556,five,1,152.77,2011,152.77
2016114,114,2016,2011,556,five,2,367.92,2012,215.15
2016114,114,2016,2011,556,five,3,414.55,2013,46.63
2016114,114,2016,2011,556,five,4,471.94,2014,57.39
2016114,114,2016,2011,556,five,5,523.95,2015,52.01
2016115,115,2016,2014,585,two,1,325.93,2014,325.93
2016115,115,2016,2014,585,two,2,460.22,2015,134.29
2016116,116,2016,2014,530,two,1,233.87,2014,233.87
2016116,116,2016,2014,530,two,2,437.46,2015,203.59
2016117,117,2016,2013,449,three,1,128.26,2013,128.26
2016117,117,2016,2013,449,three,2,374.29,2014,246.03
2016117,117,2016,2013,449,three,3,405.75,2015,31.46
2016118,118,2016,2013,489,three,1,117.12,2013,117.12
2016118,118,2016,2013,489,three,2,333,2014,215.88
2016118,118,2016,2013,489,three,3,434.38,2015,101.38
2016119,119,2016,2011,530,five,1,103.01,2011,103.01
2016119,119,2016,2011,530,five,2,334.29,2012,231.28
2016119,119,2016,2011,530,five,3,362.86,2013,28.57
2016119,119,2016,2011,530,five,4,426.99,2014,64.13
2016119,119,2016,2011,530,five,5,477.33,2015,50.34
2016120,120,2016,2013,450,three,1,130.77,2013,130.77
2016120,120,2016,2013,450,three,2,326.06,2014,195.29
2016120,120,2016,2013,450,three,3,407.68,2015,81.62
2016121,121,2016,2012,609,four,1,240.42,2012,240.42
2016121,121,2016,2012,609,four,2,416.94,2013,176.52
2016121,121,2016,2012,609,four,3,479.97,2014,63.03
2016121,121,2016,2012,609,four,4,533.92,2015,53.95
2016122,122,2016,2011,500,five,1,98.16,2011,98.16
2016122,122,2016,2011,500,five,2,301.84,2012,203.68
2016122,122,2016,2011,500,five,3,354.52,2013,52.68
2016122,122,2016,2011,500,five,4,413.88,2014,59.36
2016122,122,2016,2011,500,five,5,458.03,2015,44.15
2016123,123,2016,2012,452,four,1,86.52,2012,86.52
2016123,123,2016,2012,452,four,2,261.27,2013,174.75
2016123,123,2016,2012,452,four,3,318.7,2014,57.43
2016123,123,2016,2012,452,four,4,382.21,2015,63.51
2016124,124,2016,2010,602,six,1,98.21,2010,98.21
2016124,124,2016,2010,602,six,2,416,2011,317.79
2016124,124,2016,2010,602,six,3,457.91,2012,41.91
2016124,124,2016,2010,602,six,4,495.45,2013,37.54
2016124,124,2016,2010,602,six,5,532.77,2014,37.32
2016124,124,2016,2010,602,six,6,566.76,2015,33.99
2016125,125,2016,2013,486,three,1,157.84,2013,157.84
2016125,125,2016,2013,486,three,2,365.15,2014,207.31
2016125,125,2016,2013,486,three,3,424.5,2015,59.35
2016126,126,2016,2012,538,four,1,112.41,2012,112.41
2016126,126,2016,2012,538,four,2,201.66,2013,89.25
2016126,126,2016,2012,538,four,3,309.3,2014,107.64
2016126,126,2016,2012,538,four,4,421.7,2015,112.4
2016127,127,2016,2013,605,three,1,346.4,2013,346.4
2016127,127,2016,2013,605,three,2,438.16,2014,91.76
2016127,127,2016,2013,605,three,3,546.61,2015,108.45
2016128,128,2016,2011,499,five,1,139.47,2011,139.47
2016128,128,2016,2011,499,five,2,351.26,2012,211.79
2016128,128,2016,2011,499,five,3,388.28,2013,37.02
2016128,128,2016,2011,499,five,4,420.14,2014,31.86
2016128,128,2016,2011,499,five,5,458.71,2015,38.57
2016129,129,2016,2012,530,four,1,180.08,2012,180.08
2016129,129,2016,2012,530,four,2,403.27,2013,223.19
2016129,129,2016,2012,530,four,3,461.41,2014,58.14
2016129,129,2016,2012,530,four,4,489.93,2015,28.52
2016130,130,2016,2013,363,three,1,165.69,2013,165.69
2016130,130,2016,2013,363,three,2,231.46,2014,65.77
2016130,130,2016,2013,363,three,3,278.26,2015,46.8
2016131,131,2016,2012,554,four,1,183.91,2012,183.91
2016131,131,2016,2012,554,four,2,419.95,2013,236.04
2016131,131,2016,2012,554,four,3,470.01,2014,50.06
2016131,131,2016,2012,554,four,4,512.01,2015,42
2016132,132,2016,2011,610,five,1,129.52,2011,129.52
2016132,132,2016,2011,610,five,2,349.03,2012,219.51
2016132,132,2016,2011,610,five,3,432.76,2013,83.73
2016132,132,2016,2011,610,five,4,523.7,2014,90.94
2016132,132,2016,2011,610,five,5,565.97,2015,42.27
2016133,133,2016,2011,627,five,1,162.81,2011,162.81
2016133,133,2016,2011,627,five,2,369.47,2012,206.66
2016133,133,2016,2011,627,five,3,467.15,2013,97.68
2016133,133,2016,2011,627,five,4,547.82,2014,80.67
2016133,133,2016,2011,627,five,5,590.55,2015,42.73
2016134,134,2016,2013,525,three,1,50.9,2013,50.9
2016134,134,2016,2013,525,three,2,376.83,2014,325.93
2016134,134,2016,2013,525,three,3,453.97,2015,77.14
2016135,135,2016,2014,483,two,1,161.14,2014,161.14
2016135,135,2016,2014,483,two,2,429.15,2015,268.01
2016136,136,2016,2011,573,five,1,304.05,2011,304.05
2016136,136,2016,2011,573,five,2,397.54,2012,93.49
2016136,136,2016,2011,573,five,3,459.07,2013,61.53
2016136,136,2016,2011,573,five,4,508.59,2014,49.52
2016136,136,2016,2011,573,five,5,556.9,2015,48.31
2016137,137,2016,2010,562,six,1,195.3,2010,195.3
2016137,137,2016,2010,562,six,2,343.8,2011,148.5
2016137,137,2016,2010,562,six,3,385.13,2012,41.33
2016137,137,2016,2010,562,six,4,463.34,2013,78.21
2016137,137,2016,2010,562,six,5,505.68,2014,42.34
2016137,137,2016,2010,562,six,6,542.55,2015,36.87
2016138,138,2016,2013,516,three,1,116.67,2013,116.67
2016138,138,2016,2013,516,three,2,349.83,2014,233.16
2016138,138,2016,2013,516,three,3,446.17,2015,96.34
2016139,139,2016,2012,564,four,1,154.17,2012,154.17
2016139,139,2016,2012,564,four,2,403.58,2013,249.41
2016139,139,2016,2012,564,four,3,503.38,2014,99.8
2016139,139,2016,2012,564,four,4,542.72,2015,39.34
2016140,140,2016,2012,500,four,1,167.47,2012,167.47
2016140,140,2016,2012,500,four,2,342.38,2013,174.91
2016140,140,2016,2012,500,four,3,412.14,2014,69.76
2016140,140,2016,2012,500,four,4,461.08,2015,48.94
2016141,141,2016,2014,426,two,1,80.56,2014,80.56
2016141,141,2016,2014,426,two,2,254.46,2015,173.9
2016142,142,2016,2010,715,six,1,208.8,2010,208.8
2016142,142,2016,2010,715,six,2,457.68,2011,248.88
2016142,142,2016,2010,715,six,3,542.77,2012,85.09
2016142,142,2016,2010,715,six,4,596.97,2013,54.2
2016142,142,2016,2010,715,six,5,649.14,2014,52.17
2016142,142,2016,2010,715,six,6,697.81,2015,48.67
2016143,143,2016,2010,760,six,1,191.39,2010,191.39
2016143,143,2016,2010,760,six,2,471.44,2011,280.05
2016143,143,2016,2010,760,six,3,578.04,2012,106.6
2016143,143,2016,2010,760,six,4,644.73,2013,66.69
2016143,143,2016,2010,760,six,5,685.92,2014,41.19
2016143,143,2016,2010,760,six,6,726.01,2015,40.09
2016145,145,2016,2011,681,five,1,205.98,2011,205.98
2016145,145,2016,2011,681,five,2,389.95,2012,183.97
2016145,145,2016,2011,681,five,3,465.38,2013,75.43
2016145,145,2016,2011,681,five,4,545.22,2014,79.84
2016145,145,2016,2011,681,five,5,584.82,2015,39.6
2016146,146,2016,2012,565,four,1,164.83,2012,164.83
2016146,146,2016,2012,565,four,2,400.76,2013,235.93
2016146,146,2016,2012,565,four,3,475.83,2014,75.07
2016146,146,2016,2012,565,four,4,520.71,2015,44.88
2016147,147,2016,2011,594,five,1,92.83,2011,92.83
2016147,147,2016,2011,594,five,2,359.67,2012,266.84
2016147,147,2016,2011,594,five,3,419.99,2013,60.32
2016147,147,2016,2011,594,five,4,498.1,2014,78.11
2016147,147,2016,2011,594,five,5,561.08,2015,62.98
2016148,148,2016,2011,587,five,1,211.07,2011,211.07
2016148,148,2016,2011,587,five,2,411.11,2012,200.04
2016148,148,2016,2011,587,five,3,455.41,2013,44.3
2016148,148,2016,2011,587,five,4,504.66,2014,49.25
2016148,148,2016,2011,587,five,5,558.1,2015,53.44
2016149,149,2016,2011,593,five,1,134.07,2011,134.07
2016149,149,2016,2011,593,five,2,250.99,2012,116.92
2016149,149,2016,2011,593,five,3,423.22,2013,172.23
2016149,149,2016,2011,593,five,4,538.72,2014,115.5
2016149,149,2016,2011,593,five,5,574.63,2015,35.91
2016150,150,2016,2011,650,five,1,187.1,2011,187.1
2016150,150,2016,2011,650,five,2,419.93,2012,232.83
2016150,150,2016,2011,650,five,3,495.76,2013,75.83
2016150,150,2016,2011,650,five,4,577.84,2014,82.08
2016150,150,2016,2011,650,five,5,634.39,2015,56.55
2016151,151,2016,2010,662,six,1,220.88,2010,220.88
2016151,151,2016,2010,662,six,2,307.71,2011,86.83
2016151,151,2016,2010,662,six,3,419.62,2012,111.91
2016151,151,2016,2010,662,six,4,499.71,2013,80.09
2016151,151,2016,2010,662,six,5,603.41,2014,103.7
2016151,151,2016,2010,662,six,6,640.5,2015,37.09
2016152,152,2016,2012,637,four,1,219.06,2012,219.06
2016152,152,2016,2012,637,four,2,450.8,2013,231.74
2016152,152,2016,2012,637,four,3,539.99,2014,89.19
2016152,152,2016,2012,637,four,4,577.02,2015,37.03
2016153,153,2016,2013,617,three,1,131.22,2013,131.22
2016153,153,2016,2013,617,three,2,468.69,2014,337.47
2016153,153,2016,2013,617,three,3,569.96,2015,101.27
2016154,154,2016,2012,700,four,1,175.77,2012,175.77
2016154,154,2016,2012,700,four,2,457.7,2013,281.93
2016154,154,2016,2012,700,four,3,583.12,2014,125.42
2016154,154,2016,2012,700,four,4,652.56,2015,69.44
2016155,155,2016,2011,560,five,1,216.26,2011,216.26
2016155,155,2016,2011,560,five,2,318.8,2012,102.54
2016155,155,2016,2011,560,five,3,406.08,2013,87.28
2016155,155,2016,2011,560,five,4,477.02,2014,70.94
2016155,155,2016,2011,560,five,5,522.81,2015,45.79
2016156,156,2016,2012,615,four,1,171.89,2012,171.89
2016156,156,2016,2012,615,four,2,397.53,2013,225.64
2016156,156,2016,2012,615,four,3,445.09,2014,47.56
2016156,156,2016,2012,615,four,4,534.5,2015,89.41
2016158,158,2016,2012,634,four,1,248.23,2012,248.23
2016158,158,2016,2012,634,four,2,464.62,2013,216.39
2016158,158,2016,2012,634,four,3,543.85,2014,79.23
2016158,158,2016,2012,634,four,4,612.9,2015,69.05
2016159,159,2016,2012,490,four,1,66.26,2012,66.26
2016159,159,2016,2012,490,four,2,303.06,2013,236.8
2016159,159,2016,2012,490,four,3,420.42,2014,117.36
2016159,159,2016,2012,490,four,4,460.5,2015,40.08
2016160,160,2016,2013,493,three,1,211.01,2013,211.01
2016160,160,2016,2013,493,three,2,411.97,2014,200.96
2016160,160,2016,2013,493,three,3,445.32,2015,33.35
2016161,161,2016,2010,611,six,1,208.02,2010,208.02
2016161,161,2016,2010,611,six,2,389.92,2011,181.9
2016161,161,2016,2010,611,six,3,450.3,2012,60.38
2016161,161,2016,2010,611,six,4,506.9,2013,56.6
2016161,161,2016,2010,611,six,5,554.22,2014,47.32
2016161,161,2016,2010,611,six,6,595.48,2015,41.26
2016162,162,2016,2010,696,six,1,206.48,2010,206.48
2016162,162,2016,2010,696,six,2,427.7,2011,221.22
2016162,162,2016,2010,696,six,3,526.54,2012,98.84
2016162,162,2016,2010,696,six,4,574.34,2013,47.8
2016162,162,2016,2010,696,six,5,621.24,2014,46.9
2016162,162,2016,2010,696,six,6,665.09,2015,43.85
2016163,163,2016,2011,720,five,1,216.89,2011,216.89
2016163,163,2016,2011,720,five,2,436.87,2012,219.98
2016163,163,2016,2011,720,five,3,515.81,2013,78.94
2016163,163,2016,2011,720,five,4,623.22,2014,107.41
2016163,163,2016,2011,720,five,5,678.82,2015,55.6
2016164,164,2016,2012,716,four,1,344.11,2012,344.11
2016164,164,2016,2012,716,four,2,462.62,2013,118.51
2016164,164,2016,2012,716,four,3,580.56,2014,117.94
2016164,164,2016,2012,716,four,4,670.35,2015,89.79
2016165,165,2016,2010,625,six,1,206.78,2010,206.78
2016165,165,2016,2010,625,six,2,343.16,2011,136.38
2016165,165,2016,2010,625,six,3,469.6,2012,126.44
2016165,165,2016,2010,625,six,4,505.96,2013,36.36
2016165,165,2016,2010,625,six,5,559.88,2014,53.92
2016165,165,2016,2010,625,six,6,606.82,2015,46.94
2016166,166,2016,2010,550,six,1,116.04,2010,116.04
2016166,166,2016,2010,550,six,2,402.59,2011,286.55
2016166,166,2016,2010,550,six,3,449.85,2012,47.26
2016166,166,2016,2010,550,six,4,486.71,2013,36.86
2016166,166,2016,2010,550,six,5,507.54,2014,20.83
2016166,166,2016,2010,550,six,6,527.43,2015,19.89
2016167,167,2016,2012,592,four,1,172.05,2012,172.05
2016167,167,2016,2012,592,four,2,427.02,2013,254.97
2016167,167,2016,2012,592,four,3,487.44,2014,60.42
2016167,167,2016,2012,592,four,4,554.08,2015,66.64
2016168,168,2016,2011,676,five,1,260.41,2011,260.41
2016168,168,2016,2011,676,five,2,488.51,2012,228.1
2016168,168,2016,2011,676,five,3,542.37,2013,53.86
2016168,168,2016,2011,676,five,4,603.7,2014,61.33
2016168,168,2016,2011,676,five,5,628.76,2015,25.06
2016169,169,2016,2009,655,seven,1,229.31,2009,229.31
2016169,169,2016,2009,655,seven,2,402.54,2010,173.23
2016169,169,2016,2009,655,seven,3,452.75,2011,50.21
2016169,169,2016,2009,655,seven,4,494.59,2012,41.84
2016169,169,2016,2009,655,seven,5,538.21,2013,43.62
2016169,169,2016,2009,655,seven,6,575.77,2014,37.56
2016169,169,2016,2009,655,seven,7,596.07,2015,20.3
2016170,170,2016,2011,570,five,1,128.22,2011,128.22
2016170,170,2016,2011,570,five,2,389,2012,260.78
2016170,170,2016,2011,570,five,3,441.78,2013,52.78
2016170,170,2016,2011,570,five,4,479.38,2014,37.6
2016170,170,2016,2011,570,five,5,526.86,2015,47.48
2016171,171,2016,2009,659,seven,1,160.38,2009,160.38
2016171,171,2016,2009,659,seven,2,400.96,2010,240.58
2016171,171,2016,2009,659,seven,3,448.12,2011,47.16
2016171,171,2016,2009,659,seven,4,488.93,2012,40.81
2016171,171,2016,2009,659,seven,5,534.19,2013,45.26
2016171,171,2016,2009,659,seven,6,585.48,2014,51.29
2016171,171,2016,2009,659,seven,7,628.35,2015,42.87
2016172,172,2016,2014,525,two,1,171.85,2014,171.85
2016172,172,2016,2014,525,two,2,362.11,2015,190.26
2016173,173,2016,2012,521,four,1,116.65,2012,116.65
2016173,173,2016,2012,521,four,2,324.11,2013,207.46
2016173,173,2016,2012,521,four,3,443.46,2014,119.35
2016173,173,2016,2012,521,four,4,494.25,2015,50.79
2016174,174,2016,2012,655,four,1,147.17,2012,147.17
2016174,174,2016,2012,655,four,2,433.42,2013,286.25
2016174,174,2016,2012,655,four,3,521.62,2014,88.2
2016174,174,2016,2012,655,four,4,582.72,2015,61.1
2016175,175,2016,2012,584,four,1,283.02,2012,283.02
2016175,175,2016,2012,584,four,2,434.49,2013,151.47
2016175,175,2016,2012,584,four,3,489.5,2014,55.01
2016175,175,2016,2012,584,four,4,532.26,2015,42.76
2016176,176,2016,2014,548,two,1,254.35,2014,254.35
2016176,176,2016,2014,548,two,2,453.16,2015,198.81
2016177,177,2016,2012,588,four,1,96.68,2012,96.68
2016177,177,2016,2012,588,four,2,258.35,2013,161.67
2016177,177,2016,2012,588,four,3,339.01,2014,80.66
2016177,177,2016,2012,588,four,4,491.14,2015,152.13
2016178,178,2016,2012,610,four,1,213.08,2012,213.08
2016178,178,2016,2012,610,four,2,402.07,2013,188.99
2016178,178,2016,2012,610,four,3,508.33,2014,106.26
2016178,178,2016,2012,610,four,4,556.68,2015,48.35
2016179,179,2016,2013,444,three,1,57.21,2013,57.21
2016179,179,2016,2013,444,three,2,330.21,2014,273
2016179,179,2016,2013,444,three,3,396.05,2015,65.84
2016180,180,2016,2012,590,four,1,214.05,2012,214.05
2016180,180,2016,2012,590,four,2,457.21,2013,243.16
2016180,180,2016,2012,590,four,3,494.89,2014,37.68
2016180,180,2016,2012,590,four,4,520.35,2015,25.46
2016181,181,2016,2012,429,four,1,67.49,2012,67.49
2016181,181,2016,2012,429,four,2,258.22,2013,190.73
2016181,181,2016,2012,429,four,3,313.78,2014,55.56
2016181,181,2016,2012,429,four,4,377.89,2015,64.11
2016182,182,2016,2012,420,four,1,56.71,2012,56.71
2016182,182,2016,2012,420,four,2,316.4,2013,259.69
2016182,182,2016,2012,420,four,3,374,2014,57.6
2016182,182,2016,2012,420,four,4,402.58,2015,28.58
2016183,183,2016,2013,540,three,1,143.53,2013,143.53
2016183,183,2016,2013,540,three,2,384.77,2014,241.24
2016183,183,2016,2013,540,three,3,467.01,2015,82.24
2016184,184,2016,2012,591,four,1,123.04,2012,123.04
2016184,184,2016,2012,591,four,2,367.7,2013,244.66
2016184,184,2016,2012,591,four,3,473.04,2014,105.34
2016184,184,2016,2012,591,four,4,550.33,2015,77.29
2016185,185,2016,2013,644,three,1,347.01,2013,347.01
2016185,185,2016,2013,644,three,2,565.54,2014,218.53
2016185,185,2016,2013,644,three,3,612.22,2015,46.68
2016186,186,2016,2012,540,four,1,84.65,2012,84.65
2016186,186,2016,2012,540,four,2,383.54,2013,298.89
2016186,186,2016,2012,540,four,3,445.6,2014,62.06
2016186,186,2016,2012,540,four,4,494.82,2015,49.22
2016187,187,2016,2012,529,four,1,127.5,2012,127.5
2016187,187,2016,2012,529,four,2,365.96,2013,238.46
2016187,187,2016,2012,529,four,3,454.27,2014,88.31
2016187,187,2016,2012,529,four,4,489.11,2015,34.84
2016188,188,2016,2010,664,six,1,156.94,2010,156.94
2016188,188,2016,2010,664,six,2,266.38,2011,109.44
2016188,188,2016,2010,664,six,3,349.38,2012,83
2016188,188,2016,2010,664,six,4,451.73,2013,102.35
2016188,188,2016,2010,664,six,5,535.22,2014,83.49
2016188,188,2016,2010,664,six,6,601.32,2015,66.1
2016189,189,2016,2013,691,three,1,275.06,2013,275.06
2016189,189,2016,2013,691,three,2,584.45,2014,309.39
2016189,189,2016,2013,691,three,3,649.76,2015,65.31
2016190,190,2016,2011,687,five,1,266.28,2011,266.28
2016190,190,2016,2011,687,five,2,481.58,2012,215.3
2016190,190,2016,2011,687,five,3,531.8,2013,50.22
2016190,190,2016,2011,687,five,4,592.47,2014,60.67
2016190,190,2016,2011,687,five,5,659.61,2015,67.14
2016191,191,2016,2011,705,five,1,214.86,2011,214.86
2016191,191,2016,2011,705,five,2,366.15,2012,151.29
2016191,191,2016,2011,705,five,3,480.74,2013,114.59
2016191,191,2016,2011,705,five,4,569.6,2014,88.86
2016191,191,2016,2011,705,five,5,630.7,2015,61.1
2016192,192,2016,2010,576,six,1,165.1,2010,165.1
2016192,192,2016,2010,576,six,2,377.31,2011,212.21
2016192,192,2016,2010,576,six,3,436.2,2012,58.89
2016192,192,2016,2010,576,six,4,471.54,2013,35.34
2016192,192,2016,2010,576,six,5,531.97,2014,60.43
2016192,192,2016,2010,576,six,6,555.53,2015,23.56
2016193,193,2016,2012,545,four,1,269.71,2012,269.71
2016193,193,2016,2012,545,four,2,327.32,2013,57.61
2016193,193,2016,2012,545,four,3,394.5,2014,67.18
2016193,193,2016,2012,545,four,4,504.73,2015,110.23
